Method,RMSE all [m],RMSE after spoof [m],Final error [m]
GNSS / GPS,554.481023752688,766.5617199435785,1287.9845766773299
Dead reckoning / INS,378.95998881197477,492.0408773380024,520.7218856157864
Q-MagNav particle filter,104.69924030805193,144.1184135288492,37.28867562953949
